date,avg_execution_price,total_volume_usd,avg_volume_usd,total_pnl,avg_pnl,avg_position,avg_fee,unique_traders,classification,value
2023-05-01,1898.1333333333332,477.0,159.0,0.0,0.0,0.09193333333333333,0.0,1,Greed,63.0
2023-12-05,11038.3,50005.83,5556.203333333334,0.0,0.0,2.513866666666667,1.3890505555555555,1,Extreme Greed,75.0
2023-12-14,8031.868818181818,113203.35,10291.213636363636,-205.43473700000007,-18.675885181818188,-132.57430181818182,2.5728028181818186,1,Greed,72.0
2023-12-15,2.982,10609.95,5304.975,-24.632033999999997,-12.316016999999999,-2440.0,1.3262445,1,Greed,70.0
2023-12-16,0.3847066666666667,15348.77,5116.256666666667,0.0,0.0,12124.666666666666,1.279063,1,Greed,67.0
2023-12-17,802.5418592857143,116278.02,8305.572857142857,304.982785,21.78448464285714,10738.717442857143,2.076392785714286,1,Greed,73.0
2023-12-18,2178.1000000000004,31164.179999999997,15582.089999999998,0.0,0.0,0.004,3.8955225,1,Greed,65.0
2023-12-19,447.8019113333333,91602.41,6106.827333333334,1000.5386120000001,66.70257413333334,27078.30564,1.5267064,1,Greed,73.0
2023-12-20,6.722871666666666,141636.79,7868.710555555556,162.732282,9.040682333333333,20047.266666666666,1.9671770555555557,1,Greed,74.0
2023-12-21,91.84020408163265,125233.97,2555.795306122449,537.211402,10.963498000000001,121.77714285714285,0.6389483469387754,1,Greed,70.0
2023-12-22,30692.8325,88874.28,8887.428,141.832675,14.1832675,251.338681,2.2218566,1,Greed,74.0
2023-12-23,3.0702846153846153,78438.25,6033.711538461538,146.936704,11.302823384615383,30063.046153846153,1.5084273076923078,1,Greed,70.0
2023-12-24,13680.54118025641,402954.94,10332.177948717948,1008.619956,25.862050153846155,22665.121184871794,2.5830439743589744,1,Greed,71.0
2023-12-25,2275.4,59948.51,19982.836666666666,-245.081348,-81.69378266666666,4.545599999999999,4.995708333333333,1,Greed,73.0
2023-12-27,0.37319214285714286,171411.06,6121.823571428571,-704.8892269999999,-25.174615249999995,38641.607142857145,1.53045525,1,Greed,73.0
2023-12-28,0.4032943478260869,100117.25,4352.923913043478,-970.730876,-42.20569026086957,29411.130434782608,1.0882304347826086,1,Greed,73.0
2023-12-29,3836.17816,569559.72,11391.1944,508.92214299999995,10.178442859999999,429.0781206,2.8477980200000004,1,Greed,65.0
2023-12-30,13421.615271153847,702550.21,13510.58096153846,354.998648,6.826897076923077,6261.575806538462,3.377644730769231,1,Greed,68.0
2024-01-01,10373.330666666667,264239.52999999997,14679.973888888888,-129.53146,-7.196192222222223,414.7732555555556,3.6699926111111107,1,Greed,65.0
2024-01-02,10199.892598764705,121348.74,7138.1611764705885,783.979116,46.11641858823529,-46986.74279,1.7845397647058823,1,Greed,71.0
2024-01-03,738.8837898507463,394499.36,5888.050149253731,866.015507,12.925604582089552,1876.3014791044775,1.4720121044776118,1,Greed,70.0
2024-01-04,2212.62,99792.54000000001,19958.508,-67.60364,-13.520728,17.57154,4.989626400000001,1,Greed,68.0
2024-01-05,30495.46818181818,1703942.66,25817.31303030303,164.141565,2.486993409090909,-0.13111681818181825,6.4543278636363635,1,Greed,72.0
2024-01-06,6586.107318181818,298521.4,13569.154545454547,135.58166400000002,6.16280290909091,976.6085072727273,3.3922882727272725,1,Greed,70.0
2024-01-07,7513.911021649485,1048850.06,10812.887216494846,-835.681235,-8.615270463917525,4503.752768350516,2.7032212783505156,1,Greed,71.0
2024-01-08,15078.63093734375,1522452.43,11894.159609375,-269.874439,-2.1083940546875,2533.4020265625,2.9735395625,1,Greed,71.0
2024-01-09,14127.109546714286,870051.97,12429.313857142857,-826.349863,-11.804998042857143,2899.006581142857,2.9144704,1,Extreme Greed,76.0
2024-01-10,12914.76879230052,2057479.48,10660.515440414507,-1517.091342,-7.860576901554404,138.77570626943006,2.2489371243523317,1,Greed,73.0
2024-01-11,12141.70542857143,305314.1,14538.766666666666,-164.08950099999998,-7.813785761904761,58.549595714285715,3.6127224285714283,2,Extreme Greed,76.0
2024-01-12,39774.47142857143,200082.27,28583.181428571428,-1925.519024,-275.0741462857143,0.3402285714285714,7.068675285714285,1,Greed,71.0
2024-01-15,16738.085714285717,50636.1,3616.8642857142854,152.85358,10.918112857142857,0.16323428571428572,0.9037651428571428,2,Neutral,52.0
2024-01-16,19105.61008888889,116427.33,12936.37,-2299.171458,-255.4634953333333,314.06090666666665,1.9243676666666667,2,Greed,64.0
2024-01-17,20112.302,800831.03,15110.019433962265,813.2741110000001,15.344794547169812,210.5591488679245,3.0133510566037733,1,Greed,60.0
2024-01-18,24363.11304347826,424631.52999999997,9231.120217391304,68.93319,1.4985476086956522,6.626629130434783,2.014302195652174,1,Greed,63.0
2024-01-19,14421.93125,428428.97,8925.603541666665,-385.419235,-8.029567395833334,10.849159583333332,1.9385805833333334,2,Neutral,51.0
2024-01-20,14671.724672933962,1070090.51,10095.193490566038,-146.57487000000003,-1.3827817924528305,-657.2383409433962,2.5237979528301886,1,Neutral,52.0
2024-01-21,19141.940333454546,103129.74,9375.43090909091,266.58114600000005,24.234649636363642,9814.085519090908,2.343857272727273,1,Greed,56.0
2024-01-22,6179.383261176471,337878.99,3975.0469411764707,1375.640959,16.18401128235294,1218.6695727058823,0.7938619764705882,2,Greed,55.0
2024-01-23,11768.913676111111,414518.93000000005,9211.531777777778,-369.2447299999998,-8.20543844444444,-1896.9081931111111,1.9049904444444445,1,Neutral,50.0
2024-01-24,16861.48394732353,965084.59,14192.42044117647,-2808.353815,-41.29932080882353,222.05514102941174,3.3495749264705883,1,Neutral,48.0
2024-01-25,87.95416666666667,66566.13,11094.355000000001,-3093.6293849999997,-515.6048975,432.0683333333333,2.773588666666667,1,Neutral,52.0
2024-01-26,0.1198688,11773.21,2354.642,90.2,18.04,37553.4,0.088847,2,Neutral,49.0
2024-01-28,16.956,18109.03,1646.2754545454545,-2478.06972,-225.27906545454545,703.7363636363635,-0.03292509090909091,1,Neutral,54.0
2024-01-29,15636.855511594595,414208.18,5597.407837837838,486.562542,6.5751694864864865,6170.038874864865,1.395440608108108,2,Greed,55.0
2024-01-30,27371.991836734695,401011.38,8183.905714285715,-173.65419100000003,-3.5439630816326537,3.410568775510204,2.045975714285714,1,Greed,61.0
2024-01-31,28200.90456028405,6305647.13,7340.683504074505,-799.840817,-0.93113017112922,15.367925192083819,1.8037386204889407,1,Greed,60.0
2024-02-01,0.07612616666666668,2008.18,334.69666666666666,0.0,0.0,18562.666666666668,0.08367399999999998,1,Greed,63.0
2024-02-02,15601.771341142858,474278.43,11292.343571428572,456.423473,10.867225547619048,3535.838899285714,2.1802294285714288,1,Greed,63.0
2024-02-03,29939.640223214286,603820.0,10782.5,223.30918699999998,3.9876640535714283,2.58381125,1.9582562321428572,1,Greed,60.0
2024-02-04,12108.636457142857,203187.53,5805.358,47.62389499999999,1.360682714285714,4095.2721137142858,1.4436251428571427,1,Greed,60.0
2024-02-05,15958.2223625,770198.26,10697.198055555556,-33.45419400000003,-0.4646415833333337,551.6511123611111,2.299298125,1,Greed,60.0
2024-02-06,22118.307961134193,8047153.41,7396.280707720588,-215.615907,-0.19817638511029412,116599.32741643384,0.9086461369485294,1,Greed,64.0
2024-02-07,3.98582,6758.73,450.582,241.24212,16.082808,14779.04,0.022646200000000002,1,Greed,62.0
2024-02-08,10.0228845,26051.12,2605.112,770.756024,77.07560240000001,562304.5599999999,0.3002887,1,Greed,66.0
2024-02-11,17890.449081970586,212311.82,6244.465294117647,983.443176,28.924799294117648,13413.987631470589,0.7339791764705882,1,Greed,71.0
2024-02-12,28717.7418125,227247.69999999998,14202.981249999999,913.8817869999998,57.11761168749999,-32.87792375,1.6944944375,1,Greed,70.0
2024-02-13,0.06054285714285714,1999.99,142.85642857142858,559.44389,39.960277857142856,63481.57142857143,-0.0028565714285714284,1,Extreme Greed,79.0
2024-02-14,5443.060992846847,320839.88,2890.4493693693694,3830.599833,34.509908405405405,3200.867743963964,0.20646372972972976,2,Greed,74.0
2024-02-15,2750.1658545873015,185188.04,2939.4926984126987,1840.797677,29.219010746031746,-2695.6115346031747,0.4874015396825397,2,Greed,72.0
2024-02-16,696.7813038571429,564896.51,3103.826978021978,5491.768834,30.174554032967034,-184028.10488928572,0.14958884615384616,2,Greed,72.0
2024-02-17,3403.646719574468,406118.07,4320.405,1929.6418,20.52810425531915,5143.265716489362,0.6601601382978723,2,Extreme Greed,76.0
2024-02-18,3.395497731958763,157048.17,1619.0532989690723,477.6248299999999,4.923967319587628,26534.926907216497,-0.032380670103092785,1,Greed,72.0
2024-02-19,2068.0068288118814,286377.2,2835.417821782178,4317.768563,42.750183792079206,-14584.207916633664,0.14705564356435644,2,Extreme Greed,75.0
2024-02-20,2681.8062438974357,119419.72,3062.0441025641026,3263.628824,83.68279035897436,3768.2641079487184,0.07881217948717949,2,Greed,72.0
2024-02-21,27.589205454545457,108047.51999999999,4911.250909090909,1858.7985700000002,84.49084409090909,14281.386818181818,0.13502859090909092,2,Extreme Greed,78.0
2024-02-22,1175.5737064772727,373033.87,4239.02125,3894.1050699999996,44.25119397727272,9167.861366022727,0.28923386363636366,2,Greed,74.0
2024-02-23,725.5068307692308,111106.14,776.966013986014,1418.55293,9.91995055944056,-8744.50769083916,-0.014455027972027973,1,Extreme Greed,76.0
2024-02-25,0.5663259999999999,4480.13,896.0260000000001,-30.7705,-6.1541,-1652.0,-0.01792,1,Greed,74.0
2024-02-26,5.614911538461539,192187.14,4927.875384615385,4416.8473,113.25249487179488,-2850.0384615384614,-0.002505769230769226,2,Greed,72.0
2024-02-27,36.161129396825395,209362.3,3323.2111111111108,888.511733,14.103360841269842,-4775.824126984126,-0.05970807936507937,2,Extreme Greed,79.0
2024-02-28,1.2982939111111111,171107.13,3802.380666666667,2503.747235,55.63882744444444,1737.6555555555556,-0.030603377777777777,1,Extreme Greed,82.0
2024-02-29,11.306912146551724,395666.73,3410.9200862068965,9813.996992,84.60342234482759,-98403.48887931035,0.01171625,2,Extreme Greed,80.0
2024-03-01,2.725657408759124,472974.7,3452.370072992701,8244.241409,60.176944591240876,375587.74525547447,-0.00399163503649635,1,Extreme Greed,80.0
2024-03-02,0.8005309032258064,63197.56,2038.6309677419354,230.90060000000005,7.448406451612905,-11303.193548387097,-0.0151331935483871,2,Extreme Greed,80.0
2024-03-03,3.0333498607594938,390745.68,4946.1478481012655,8361.086245,105.83653474683545,-595760.485443038,-0.031735481012658225,1,Extreme Greed,83.0
2024-03-04,419.88134141,1577996.87,5259.989566666667,27799.775742,92.66591914,183364.74213396665,-0.0018648299999999998,2,Extreme Greed,82.0
2024-03-05,0.3816785944444444,841810.32,4676.724,19791.026041,109.95014467222222,1070451.832777778,-0.024658105555555556,1,Extreme Greed,90.0
2024-03-06,1.7171503902439025,327218.02,3990.4636585365856,6814.825139,83.10762364634145,97537.59146341463,-0.04091851219512195,1,Extreme Greed,75.0
2024-03-08,2.9131835970149256,183583.18,2740.047462686567,4271.886236,63.7594960597015,52491.09402985074,-0.0548004328358209,1,Extreme Greed,81.0
2024-03-09,15.9975568974359,658178.75,5625.459401709401,9949.501624,85.03847541880343,501601.2582051282,0.015827042735042738,1,Extreme Greed,84.0
2024-03-10,34.630716666666665,219973.85,5237.472619047619,2482.9272,59.117314285714286,-2524.777380952381,0.05431123809523809,1,Extreme Greed,79.0
2024-03-11,2.647672619047619,176519.44999999998,4202.844047619047,3588.179495,85.43284511904761,19350.09047619048,0.2017354761904762,1,Extreme Greed,82.0
2024-03-12,9.235375,103040.85,12880.10625,3039.166,379.89575,2253.35,0.618244125,1,Extreme Greed,81.0
2024-03-13,3979.957142857143,6000.799999999999,857.2571428571428,0.0,0.0,0.18407142857142858,0.30003971428571424,1,Extreme Greed,81.0
2024-03-14,252.0171572222222,205933.18,11440.732222222221,3465.865832,192.5481017777778,60745.62292222222,0.6509328888888889,2,Extreme Greed,88.0
2024-03-15,502.81406972580646,351894.41,5675.71629032258,6236.513651,100.58892985483871,-985813.4133193548,0.7981452096774193,3,Extreme Greed,83.0
2024-03-16,2750.4022475,37223.66,4652.9575,228.57984,28.57248,-945740.88365,1.316035,2,Extreme Greed,81.0
2024-03-17,2191.606,99506.95,4326.389130434783,503.293955,21.882345869565217,-3.1111521739130437,1.4679708260869564,3,Extreme Greed,79.0
2024-03-18,2238.5484684210523,90458.08,4760.951578947369,1456.9577,76.68198421052631,1539.3426263157896,1.3128042105263156,3,Extreme Greed,77.0
2024-03-19,575.3537,219884.84,9161.868333333334,668.797973,27.86658220833333,-23169.306829166668,1.0828463333333334,3,Extreme Greed,79.0
2024-03-20,193.64368536231885,215705.85,3126.171739130435,6423.134599,93.08890723188406,-1013.3506434782607,0.5779541739130435,2,Greed,74.0
2024-03-21,124.34982285714285,117895.57,4210.556071428572,2335.5080749999997,83.41100267857142,-18681.274707142857,0.5855267857142857,3,Extreme Greed,78.0
2024-03-24,8.960757894736842,92592.20999999999,4873.274210526315,1297.018477,68.26413036842105,-2206.7,0.4678335263157895,1,Greed,74.0
2024-03-25,3582.2999999999997,57116.32,8159.4742857142855,1302.916428,186.13091828571427,9.606714285714286,2.855816,1,Extreme Greed,75.0
2024-03-26,219.49172627118645,198565.19,1682.7558474576272,3215.906593,27.253445703389833,3757.485044915254,0.238537313559322,2,Extreme Greed,81.0
2024-03-27,13627.738306315789,99864.79,2628.020789473684,150.41114,3.9581878947368416,-422.6175821052631,0.8346829473684211,2,Extreme Greed,83.0
2024-03-28,803.983042,35323.72,2717.209230769231,227.85100799999998,17.527000615384615,-81449.39851538462,0.6968637692307692,2,Extreme Greed,80.0
2024-03-29,3541.54,86914.37,5794.291333333333,883.097404,58.873160266666666,5.153553333333334,2.028002,1,Extreme Greed,79.0
2024-03-30,0.19727666666666666,101103.92,2246.753777777778,1100.57514,24.45722533333333,148829.73333333334,0.22087675555555555,1,Extreme Greed,75.0
2024-03-31,3627.730769230769,39912.96,3070.2276923076925,912.786145,70.21431884615384,3.7070307692307694,1.0745786153846155,1,Extreme Greed,75.0
2024-04-01,1332.2278167402596,339470.47,4408.7074025974025,2507.963406,32.57095332467532,448724.6416597403,1.087680025974026,2,Extreme Greed,79.0
2024-04-02,3060.7089024390243,239664.50999999998,5845.475853658536,883.760812,21.555141756097562,1.1111463414634146,1.9544530243902436,2,Extreme Greed,79.0
2024-04-03,8.3283,16887.57,4221.8925,126.7884,31.6971,392.675,0.41530025,2,Greed,71.0
2024-04-04,3401.434375,95987.73,2999.6165625,0.0,0.0,-31.735753125,1.0498651562499999,1,Greed,70.0
2024-04-05,330.28005890000003,503791.8,5037.918,10706.484306,107.06484306,11906.896289999999,1.03430138,3,Extreme Greed,79.0
2024-04-06,3328.08125,68223.67,4263.979375,236.33513399999998,14.770945874999999,-4.198175,1.4923923125,1,Extreme Greed,75.0
2024-04-07,3398.0043478260873,49988.14,2173.397391304348,0.0,0.0,-21.564239130434782,0.7606889130434782,1,Extreme Greed,78.0
2024-04-08,3295.5374166666666,211940.64,7064.688,1218.4267,40.614223333333335,-240.4416,2.0596849333333336,2,Extreme Greed,76.0
2024-04-09,3501.3000000000006,57063.840000000004,19021.280000000002,0.0,0.0,-78.67283333333334,6.657447,1,Extreme Greed,80.0
2024-04-10,3433.4707317073166,351735.97,8578.926097560974,5207.443414,127.01081497560976,-51.30644390243902,3.002623463414634,1,Extreme Greed,78.0
2024-04-11,3521.2125,76400.96,4775.06,389.743164,24.35894775,6.13406875,1.6712705625,1,Extreme Greed,76.0
2024-04-12,555.2924815968992,442088.59,3427.0433333333335,-592.6458390000001,-4.594153790697676,176264.67758759687,0.7562858527131783,3,Extreme Greed,79.0
2024-04-13,658.6612459887641,486411.25,5465.294943820225,6621.451755,74.3983343258427,273459.01575955056,1.337069393258427,2,Greed,72.0
2024-04-14,1787.6264255140186,659162.17,6160.394112149533,-36104.012520000004,-337.4206777570094,-519.4308252336449,1.995115925233645,2,Greed,72.0
2024-04-15,230.87443634146342,291111.19,7100.272926829269,3774.08872,92.05094439024391,10196.807014634145,0.9914781463414633,2,Greed,74.0
2024-04-16,0.8237938510638297,181907.17,3870.3653191489366,2467.702221,52.504302574468085,-7531.191489361702,0.3927167021276596,2,Greed,65.0
2024-04-17,4.993378571428572,97562.99,6968.785000000001,2441.4683999999997,174.39059999999998,-6896.0142857142855,0.7586402142857143,1,Greed,67.0
2024-04-19,3065.0228571428574,337257.92000000004,9635.940571428573,1946.4454620000001,55.61272748571429,30.44153142857143,3.372578857142857,1,Greed,66.0
2024-04-20,285.09828863636363,60733.24,2760.601818181818,0.0,0.0,143378.1218818182,5.5131385,2,Greed,66.0
2024-04-22,3202.222222222222,47993.61,5332.623333333333,0.0,0.0,-14.874122222222221,1.8664182222222223,1,Greed,73.0
2024-04-23,2616.430871212121,233054.9,3531.1348484848486,1119.536196,16.962669636363636,-6567.492701515152,1.0804314545454545,2,Greed,71.0
2024-04-24,3230.17,141275.24,7063.762,279.185907,13.95929535,5.252865,2.4723157999999996,1,Greed,72.0
2024-04-25,251.67034283783786,120241.01,1624.8785135135136,0.0,0.0,428248.9423945946,2.16431772972973,2,Greed,72.0
2024-04-26,0.12152,4988.290000000001,1662.7633333333335,0.0,0.0,417213.3333333333,0.581966,1,Greed,70.0
2024-04-27,3258.651851851852,154264.47,5713.498888888889,4281.488139,158.57363477777778,16.46514074074074,1.999724074074074,1,Greed,67.0
2024-04-28,451.9867443103448,43985.6,758.3724137931034,0.0,0.0,269004.65992586204,0.26543010344827583,2,Greed,65.0
2024-04-29,2245.884760888889,108699.01,2415.5335555555553,526.9338359999999,11.709640799999999,71777.89178444444,0.8454362222222221,2,Greed,67.0
2024-04-30,3023.15,125018.75,5209.114583333333,0.0,0.0,29.193695833333333,1.8231895833333331,1,Greed,67.0
2024-05-01,2916.8142857142857,87025.45,6216.103571428571,0.0,0.0,62.32951428571429,2.175636285714286,1,Neutral,54.0
2024-05-03,1960.4601549999998,282682.64999999997,7852.295833333333,5306.017045,147.3893623611111,31780.38251111111,2.7475189166666665,3,Neutral,48.0
2024-05-04,2089.1695403333333,58998.75,6555.416666666667,0.0,0.0,-70772.5864,2.2943954444444445,2,Greed,67.0
2024-05-05,2099.545833333333,24068.350000000002,4011.391666666667,0.916,0.15266666666666667,-20.3235,1.4021296666666665,2,Greed,69.0
2024-05-06,3109.866666666667,206016.43,22890.714444444442,968.59038,107.62115333333333,-12.474166666666667,8.011749555555555,1,Greed,71.0
2024-05-07,1715.215231,108717.58,6039.865555555556,883.537693,49.08542738888889,-3555.150633333335,2.1132811666666664,3,Greed,68.0
2024-05-08,2312.7117384615385,65973.57,5074.89,1.56576,0.12044307692307693,19.658276923076922,1.7751404615384616,2,Greed,64.0
2024-05-09,2667.6832657142854,221966.12,7927.361428571428,1147.595856,40.985566285714285,13521.614478571428,2.7745761428571427,2,Greed,55.0
2024-05-10,2946.254545454545,156882.0,7131.0,2101.741695,95.53371340909092,-1.8795545454545455,2.4958495454545453,1,Greed,66.0
2024-05-11,2922.511111111111,63248.95,7027.661111111111,251.604742,27.956082444444444,9.522166666666667,2.459680555555556,1,Neutral,53.0
2024-05-12,1272.34931,55179.56,2399.111304347826,0.0,0.0,21632.475469565215,0.8396882173913044,2,Greed,56.0
2024-05-13,2635.7705885714286,193118.9,6897.103571428571,2136.853859,76.31620925,6088.010335714286,2.4139856785714287,2,Greed,57.0
2024-05-14,2912.1304347826085,145853.4,6341.452173913043,1150.5233050000002,50.02275239130436,7.065369565217392,2.219508043478261,1,Greed,66.0
2024-05-15,2930.625,234922.57,6525.626944444444,948.970582,26.360293944444447,5.335538888888888,2.2839690833333335,1,Greed,64.0
2024-05-16,2656.364285925926,162620.96,6022.998518518518,214.5898,7.94777037037037,2751.0223296296294,2.108048888888889,2,Greed,70.0
2024-05-18,3123.796,126303.14,5052.1256,3522.3946610000003,140.89578644000002,1.303244,1.7682436799999999,1,Greed,73.0
2024-05-19,3079.425,29998.09,3749.76125,0.0,0.0,5.174825,1.3124158750000001,1,Greed,72.0
2024-05-20,2156.14175,38124.75,3812.475,-74.818442,-7.4818442,157.46863,1.3343662,2,Greed,70.0
2024-05-21,14134.35288,1100948.59,8807.588720000002,7289.397571999999,58.31518057599999,-2491.2332841599996,3.0826555520000003,2,Extreme Greed,76.0
2024-05-22,3733.3333333333335,44995.29,7499.215,0.0,0.0,-96.9475,2.6247248333333335,1,Extreme Greed,76.0
2024-05-23,1108.603136243077,401850.6,1236.4633846153845,413.347329,1.2718379353846154,-267868.0827043077,0.34901562769230765,3,Extreme Greed,76.0
2024-05-24,3844.4,50811.899999999994,25405.949999999997,821.949278,410.974639,8.50055,8.8920825,1,Greed,74.0
2024-05-25,469.7218425,29991.129999999997,1874.4456249999998,14.126038999999999,0.8828774374999999,-1522.19405625,0.6404304375000001,2,Extreme Greed,76.0
2024-05-26,496.56757500000003,53976.67,3373.541875,778.6839,48.66774375,-10541.44110625,1.1730119374999999,2,Extreme Greed,75.0
2024-05-27,33.197340745019915,151115.72,602.0546613545816,1129.35587,4.499425776892431,-65844.60769043825,0.18259946613545816,1,Greed,74.0
2024-05-29,4235.211447786585,84268.76,513.8339024390243,277.791953,1.6938533719512194,1269.3619323170733,0.22485731097560974,2,Greed,72.0
2024-05-30,20348.618645714287,2838.09,405.4414285714286,20.951433,2.9930618571428576,-79.30111285714285,0.1419037142857143,1,Greed,73.0
2024-05-31,2.152072923076923,3636.14,279.70307692307694,25.35812,1.9506246153846154,-6686.707692307692,0.09789584615384615,1,Greed,73.0
2024-06-01,1.1308718,12834.62,513.3848,91.510419,3.66041676,-47545.904,0.17968424,1,Greed,72.0
2024-06-02,1.0599227956989248,29464.51,316.822688172043,192.906947,2.074268247311828,-4765.8387096774195,0.08379475268817205,1,Greed,73.0
2024-06-03,1.3030562857142858,21466.86,306.66942857142857,562.808208,8.040117257142859,-4759.422857142857,0.07682979999999999,1,Greed,73.0
2024-06-04,13394.864554716982,24243.41,457.42283018867926,52.211438,0.9851214716981133,-317.91698264150943,0.1402443962264151,1,Greed,73.0
2024-06-05,2682.9926944444446,25350.77,469.4587037037037,56.055506,1.038064925925926,-253.84012888888887,0.13155666666666668,1,Extreme Greed,75.0
2024-06-06,30.647596965811967,137557.76,587.8536752136753,274.173187,1.1716802863247862,-7051.191252136752,0.15845907692307692,1,Extreme Greed,78.0
2024-06-07,1232.3513694545454,1098588.76,2496.7926363636366,8902.467416,20.23288049090909,-5529.765854295454,0.8476424181818182,3,Extreme Greed,77.0
2024-06-08,10513.408993103449,97351.88,3356.961379310345,129.13883900000002,4.453063413793104,102.60835172413793,1.1749357586206897,2,Greed,72.0
2024-06-09,1091.865705882353,22410.22,1318.2482352941176,0.0,0.0,575.0169294117647,0.4421044117647059,2,Extreme Greed,75.0
2024-06-10,280.7776811320755,46587.93,879.0175471698113,31.266804999999998,0.589939716981132,-706.0936471698113,0.27728920754716985,2,Greed,72.0
2024-06-11,8924.726208861788,373279.92,3034.7960975609753,4320.631811,35.12708789430894,-664.4540700813008,1.0563269349593496,3,Greed,74.0
2024-06-12,1364.4425952755905,193407.96,761.4486614173228,-21886.531493,-86.16744682283463,-5238.130427874016,0.2516591220472441,2,Greed,72.0
2024-06-13,180.8725936708861,132577.22,1678.1926582278481,6632.757115,83.95895082278481,-845.4524734177215,0.4227816455696202,2,Greed,70.0
2024-06-14,1759.0960645161292,139868.66,4511.892258064517,10258.592609,330.9223422258064,-3052.7559,1.2565830967741936,2,Greed,74.0
2024-06-15,2138.914496153846,718350.25,9209.61858974359,3369.958346,43.20459417948718,-3299.4887974358976,3.223366012820513,2,Greed,74.0
2024-06-16,4.114990909090909,25235.079999999998,2294.0981818181817,0.0,0.0,-22337.80909090909,0.8029342727272727,1,Greed,71.0
2024-06-17,1595.9607578947368,368380.12,9694.213684210526,10599.502375,278.9342730263158,-7040.169110526315,3.3929743421052634,2,Greed,71.0
2024-06-18,2787.8253600000003,263314.79,10532.5916,282.57636,11.3030544,234.11782,2.68641032,2,Greed,74.0
2024-06-19,1563.7263098360656,417071.12,6837.231475409836,4887.656944,80.12552367213115,1729.6296770491804,2.276258081967213,3,Greed,64.0
2024-06-20,374.05558,207990.8,5333.097435897435,57478.456026,1473.8065647692308,6448.506517948718,0.3453602564102564,3,Greed,60.0
2024-06-21,877.39821875,176264.49,2203.306125,773.5582039999999,9.66947755,474.84281875,0.7659637375,2,Greed,63.0
2024-06-22,1765.2402375,169594.27000000002,7066.427916666667,756.876565,31.536523541666668,2101.2170666666666,1.6888909166666668,2,Neutral,53.0
2024-06-23,3.09,1792.12,358.424,0.0,0.0,3779.0,0.035842399999999996,1,Greed,55.0
2024-06-24,2708.8659548387095,403002.8,13000.090322580645,0.0,0.0,688.4350967741935,3.340354870967742,2,Neutral,51.0
2024-06-25,3.248285714285714,103099.08,2104.062857142857,4869.353105,99.3745531632653,-3396.4265306122447,0.7364214489795918,1,Fear,30.0
2024-06-26,1472.1298,365190.66000000003,5072.092500000001,4197.732182,58.30183586111111,1475.9337152777778,1.7715874999999999,2,Neutral,46.0
2024-06-27,1362.6499733333333,130486.95,4349.565,0.0,0.0,-2151.4904133333334,1.5185337333333335,2,Fear,40.0
2024-06-29,767.398007192,280095.11,3734.6014666666665,6150.326145,82.0043486,58536.75339466666,6.137269746666667,2,Fear,30.0
2024-06-30,724.8069907142857,30520.69,2180.049285714286,0.0,0.0,292551.4028,1.2184049285714287,2,Neutral,47.0
2024-07-01,1312.7375605675,362670.14999999997,5666.721093749999,5065.839308,79.1537391875,218419.2375734375,6.645672265625,2,Neutral,53.0
2024-07-02,3.4119444444444444,33347.47,1852.6372222222224,2421.253116,134.514062,-2891.23615,0.6365961111111111,1,Neutral,51.0
2024-07-03,2039.0916666666667,179600.66,9977.814444444444,1118.387284,62.132626888888886,744.9618716666668,3.479371222222222,2,Neutral,50.0
2024-07-04,2795.886,430568.01,17222.720400000002,0.0,0.0,297.4258684,4.5209858,2,Fear,44.0
2024-07-05,1837.889625,272289.89,8509.0590625,0.0,0.0,1435.01399375,2.97283490625,2,Fear,29.0
2024-07-06,1.10232597125,2490.17,103.75708333333334,108.87217799999999,4.53634075,306989.29762125,14.34809,1,Fear,26.0
2024-07-07,3.9900000000000007,498.75,49.875,61.428942,6.1428942,2385.08597,0.004987500000000001,1,Fear,29.0
2024-07-08,3.19,497.64,497.64,0.0,0.0,2313.98597,0.0156,1,Fear,28.0
2024-07-09,4.546446666666666,2736.45,182.42999999999998,648.984412,43.265627466666665,2204.8370366666663,0.026504533333333337,1,Fear,27.0
2024-07-10,2410.4582857142855,687900.21,12283.93232142857,11977.734907,213.88812333928573,-64.06493303571429,4.2993757142857145,2,Fear,28.0
2024-07-11,3151.1421052631576,169887.02,8941.422105263156,1876.812082,98.77958326315789,14.223484210526316,3.1294969999999998,1,Fear,29.0
2024-07-12,1621.380905263158,89582.97,4714.893157894737,1412.314654,74.33235021052631,-2100.932873684211,1.6502120526315789,2,Fear,25.0
2024-07-13,2416.179635294118,139189.19,8187.599411764706,2913.617837,171.38928452941175,405.4312223529412,2.865659411764706,2,Fear,25.0
2024-07-14,3194.1857142857143,84001.13,12000.16142857143,0.0,0.0,-9.317742857142857,4.200055571428572,1,Fear,33.0
2024-07-15,2752.5296153846157,198344.85,7628.6480769230775,-1.0,-0.038461538461538464,-46.751215384615385,2.653683423076923,2,Neutral,52.0
2024-07-16,3446.881818181818,144000.57,6545.480454545454,0.0,0.0,-95.67333636363637,2.290917318181818,1,Greed,65.0
2024-07-17,92.99230740740741,626005.53,1783.4915384615385,1859.269477,5.297064037037037,-26382.624798005698,0.5886094387464388,3,Greed,69.0
2024-07-18,2995.8028266666665,649704.85,10828.414166666666,3803.884311,63.398071849999994,-718.8119416666667,3.7899444,2,Greed,61.0
2024-07-19,8050.626695652173,150269.42,6533.453043478262,2155.891114,93.73439626086956,-895.4349413043477,2.2867081739130435,2,Greed,60.0
2024-07-20,124.94923650375941,244362.21,918.65492481203,2299.169566,8.643494609022557,-7701.568093984962,0.30360307518797,2,Greed,74.0
2024-07-21,27.973419642857145,234307.46,523.0077232142856,-2960.716887,-6.608743051339286,-21268.516991964283,0.14447174107142854,2,Greed,74.0
2024-07-22,481.8778051948052,304213.8,1975.4142857142856,1517.119876,9.851427766233765,-17065.60236948052,0.6328541298701299,2,Greed,70.0
2024-07-23,23.578924594594596,358526.54,968.9906486486486,89890.302206,242.9467627189189,31888.89354702703,0.16011655675675676,3,Greed,71.0
2024-07-24,115.88352861011111,69207.93,768.977,625.561479,6.9506831,13048.44156016389,0.6118586555555555,5,Greed,69.0
2024-07-25,2688.136446210769,528555.31,6776.350128205129,916.7382600000001,11.753054615384617,32956.52669205128,2.8741784102564103,3,Greed,68.0
2024-07-26,826.2452972302632,548587.65,3609.1292763157894,2766.513113,18.200744164473683,315.74097103289455,1.3589935197368421,4,Greed,68.0
2024-07-27,2922.802513681579,905199.75,15880.697368421053,6400.623656,112.2916430877193,-132.1717784210526,5.558243754385964,2,Greed,72.0
2024-07-28,607.7397125,43254.68,2703.4175,587.29903,36.706189375,-1693.4746125,0.946195125,2,Greed,71.0
2024-07-29,48349.08078974359,327199.14,8389.72153846154,330.80445399999996,8.482165487179486,-712.0488197435898,2.9364021538461538,2,Greed,74.0
2024-07-30,3295.4833333333336,36006.47,6001.078333333334,0.0,0.0,49.64471666666666,2.1003773333333333,1,Greed,67.0
2024-07-31,256.78039232558143,84506.54,1965.2683720930231,765.690884,17.806764744186047,-8173.890776744187,0.6878434186046513,2,Greed,61.0
2024-08-01,18740.473002526316,227774.53,3996.044385964912,167.080017,2.9312283684210527,166376.4956409386,1.8964041403508771,4,Neutral,52.0
2024-08-02,14406.321016984128,396320.37,6290.799523809524,782.3681909999999,12.418542714285714,33155.55129620317,2.3098486031746033,3,Greed,57.0
2024-08-03,2718.8256902127027,290532.86,7852.239459459459,464.1897,12.545667567567568,58286.87483621623,2.936570432432432,5,Fear,37.0
2024-08-04,11138.705859755904,1207744.07,9509.795826771655,-122672.000883,-965.9212667952756,77198.73645929685,3.5110412204724413,5,Fear,34.0
2024-08-05,14847.670722625,420495.4,5256.1925,-13013.665169,-162.6708146125,105213.607632875,2.533989475,4,Fear,26.0
2024-08-06,1056.048024274299,61478.38,574.5642990654205,267.318048,2.4982995140186914,56143.665529618695,0.5852455981308411,2,Extreme Fear,17.0
2024-08-07,1.594288883939394,2492.77,75.53848484848484,188.789255,5.720886515151515,59895.80629000363,0.11370314545454546,3,Fear,29.0
2024-08-08,520.3884688888888,16299.35,1811.038888888889,-40.712216999999995,-4.5235796666666666,48585.02089251111,0.7386661111111111,2,Extreme Fear,20.0
2024-08-09,4675.996384345139,503204.86,3494.4781944444444,18082.071276,125.56993941666666,11778.072933701389,1.2864887547222221,5,Neutral,48.0
2024-08-10,1.8675185526136362,11339.29,128.8555681818182,0.0,0.0,115962.98122553182,0.5691271352272728,2,Fear,40.0
2024-08-11,892.9076233333334,44230.21,1842.9254166666667,847.7766200000001,35.32402583333334,310418.394425,1.7054702916666666,2,Fear,39.0
2024-08-12,855.5521279583332,54167.32,1128.4858333333334,858.6705000000001,17.88896875,144534.02000633333,0.7514978124999999,3,Fear,25.0
2024-08-13,458.5604338260869,20797.87,904.2552173913043,212.08102,9.220913913043479,203108.84856102697,0.7796903043478259,3,Fear,31.0
2024-08-14,971.82196148,66710.03,2668.4012,2168.9015130000003,86.75606052,373571.58924496005,1.8597242399999998,3,Fear,30.0
2024-08-15,0.032253416666666666,1522.3700000000001,126.86416666666668,0.0,0.0,680674.15515,1.3752175,1,Fear,29.0
2024-08-16,13243.149667228572,166382.84,4753.795428571429,825.230544,23.578015542857145,318257.5798848572,2.3196554857142857,2,Fear,27.0
2024-08-17,0.17191166666666666,30248.96,1008.2986666666667,-288.283113,-9.609437100000001,318914.1177235167,0.5698846333333333,2,Fear,25.0
2024-08-18,2467.2810786666664,62804.48,4186.965333333334,307.201888,20.480125866666665,7.8977003686666665,1.4654371333333336,2,Fear,31.0
2024-08-19,58542.625,100315.03,12539.37875,339.69958299999996,42.462447874999995,0.3873825,4.38878225,1,Fear,28.0
2024-08-20,1739.2645333333332,49914.8,4159.566666666667,192.602844,16.050237,-366.36385,1.4558478333333333,2,Fear,30.0
2024-08-21,141.46601248275863,104990.41,724.0717931034483,656.200925,4.525523620689655,-1567.4541986206896,0.2534247103448276,2,Fear,26.0
2024-08-23,2683.83,63509.56,6350.956,1005.30527,100.53052699999999,-0.09547000000000025,2.2228342,1,Fear,34.0
2024-08-24,46230.142857142855,34999.67,4999.952857142857,0.0,0.0,-4.293645714285715,1.7499831428571428,2,Greed,56.0
2024-08-25,19585.087261176468,21950.28,1291.1929411764704,0.0,0.0,376559.33165235294,1.5472707647058823,2,Neutral,54.0
2024-08-26,2263.875,92611.27,15435.211666666668,231.236918,38.539486333333336,653.1993583333334,5.383821999999999,2,Greed,55.0
2024-08-27,372.7858502784,70250.16,1405.0032,0.0,0.0,317026.9957868,1.04107104,2,Neutral,48.0
2024-08-28,15309.777777777777,71160.06999999999,7906.674444444444,1333.359645,148.15107166666667,31.36288,2.767336222222222,2,Fear,30.0
2024-08-29,60802.0,9995.85,9995.85,0.0,0.0,0.0,3.498547,1,Fear,29.0
2024-08-30,11097.769382833334,37233.24,6205.54,256.464,42.744,934.5630074,2.1718626666666663,4,Fear,34.0
2024-08-31,11030.937086423235,107507.43000000001,3161.983235294118,10.882801,0.3200823823529412,2405.177706470588,1.1751563235294118,3,Fear,29.0
2024-09-01,44.57331249999999,12359.68,1029.9733333333334,137.433093,11.452757750000002,-1304.8965716666667,0.36048841666666664,1,Fear,26.0
2024-09-02,2426.1,30000.42,15000.21,0.0,0.0,68.349,5.250074,1,Fear,26.0
2024-09-04,5402.028013264706,131480.97,3867.0873529411765,1065.785132,31.346621529411763,305434.9363461765,1.8697125588235293,2,Fear,27.0
2024-09-05,7.79e-05,0.84,0.84,0.0,0.0,10818.93703,0.0,1,Fear,29.0
2024-09-06,215.73034285714286,39047.1,929.6928571428571,-1104.856765,-26.306113452380952,4019.9604233333334,0.3253922857142857,2,Extreme Fear,22.0
2024-09-08,0.11756,0.11,0.11,0.0,0.0,0.93414,0.0,1,Fear,29.0
2024-09-09,0.0115,4014.4300000000003,2007.2150000000001,0.0,0.0,1021003.16055,17.45395,1,Fear,26.0
2024-09-10,1557.6705000000002,2547.28,849.0933333333334,-219.729659,-73.24321966666666,438476.7027666667,2.4301333333333335,2,Fear,33.0
2024-09-11,1.5e-05,0.54,0.54,0.0,0.0,35870.82982,0.0,1,Fear,37.0
2024-09-14,0.010652363636363637,1014.8000000000001,92.25454545454546,0.0,0.0,1290198.8531309091,2.7619390909090913,2,Neutral,50.0
2024-09-18,3.120756620689655,13633.5,94.02413793103449,-878.684794,-6.059895131034483,116513.14479199999,0.2188478827586207,1,Neutral,45.0
2024-09-19,0.9843423684210526,1521.8700000000001,80.09842105263158,0.0,0.0,1080310.357626316,1.5056663157894736,1,Neutral,49.0
2024-09-20,17153.90225,332873.38,20804.58625,9585.03428,599.0646425,-568.710596875,6.8323144375,2,Neutral,54.0
2024-09-21,4.30038695652174,165648.12,7202.092173913044,36165.56933,1572.416057826087,24296.09565217391,2.5207322173913043,1,Neutral,54.0
2024-09-22,62701.0,19999.739999999998,6666.579999999999,0.0,0.0,0.24225,2.3333023333333336,1,Neutral,52.0
2024-09-23,63672.0,40334.29,20167.145,334.760796,167.380398,0.23823,7.058501000000001,1,Neutral,50.0
2024-09-24,0.4286068,7118.63,711.863,0.0,0.0,1150150.757351,1.2966142,2,Neutral,54.0
2024-09-25,42295.14844444444,52754.130000000005,5861.570000000001,0.0,0.0,-3160.3517722222223,1.9738529999999999,2,Greed,59.0
2024-09-26,24173.9921375,113711.93000000001,14213.991250000001,439.812513,54.976564125,-7643.1171825,3.9185255,2,Neutral,50.0
2024-09-27,11807.956114285715,126097.04,2251.732857142857,0.0,0.0,-18978.922995892855,0.669701982142857,2,Greed,61.0
2024-09-28,4.101,29199.21,7299.8025,0.0,0.0,-26550.364999999998,0.7007800000000001,1,Greed,64.0
2024-09-30,6063.712550943396,214669.85,2025.1872641509435,2710.626288,25.571946113207545,-30818.39715528302,0.6192224150943396,2,Greed,61.0
2024-10-01,62044.5,139954.32,34988.58,0.0,0.0,1.83578,12.2460025,1,Neutral,50.0
2024-10-02,60911.0,99954.34,24988.585,0.0,0.0,3.7032475,8.746004249999999,1,Fear,42.0
2024-10-03,26799.238066666665,132935.69,14770.632222222222,100.375782,11.152864666666666,491.7307866666667,5.169721222222223,2,Fear,37.0
2024-10-04,0.0011,0.34,0.34,0.0,0.0,307.367829,0.0,1,Fear,41.0
2024-10-05,60568.594601856756,605605.74,16367.722702702702,5767.161892,155.86924032432432,63.44648043243244,5.728696513513514,2,Neutral,49.0
2024-10-06,62166.40909090909,300130.56,13642.298181818182,130.487079,5.9312308636363635,-0.30976,4.774804227272727,1,Neutral,50.0
2024-10-07,63684.42857142857,219984.65,10475.459523809524,0.0,0.0,-4.82207619047619,3.6664102857142855,1,Neutral,50.0
2024-10-08,58825.33341509444,434584.13,12071.781388888889,5396.546638,149.90407327777777,7.177104472222222,4.225117222222222,2,Neutral,49.0
2024-10-09,61800.92857142857,220399.93,15742.852142857142,396.06272,28.290194285714286,0.8050550000000001,5.509997642857143,1,Neutral,49.0
2024-10-10,59323.25,300024.33999999997,18751.521249999998,0.0,0.0,4.391618125,6.563031875,1,Fear,39.0
2024-10-11,59195.38462157692,488904.19,18804.007307692307,8885.327477,341.74336450000004,175.9861126923077,6.581392076923077,2,Fear,32.0
2024-10-12,62726.0,159713.4,15971.34,541.55471,54.155471,-0.611799,5.5899684999999995,1,Neutral,49.0
2024-10-13,62778.2,60002.42,6000.242,0.0,0.0,0.313465,2.1000841,1,Neutral,50.0
2024-10-14,64693.8,61916.020000000004,12383.204000000002,1913.61958,382.72391600000003,0.489938,4.3341208,1,Neutral,48.0
2024-10-15,66652.28571428571,81173.36,11596.194285714286,1170.2260760000001,167.17515371428573,0.2371414285714286,4.058667571428571,1,Greed,65.0
2024-10-16,67576.54545454546,80229.17,7293.560909090909,219.480876,19.95280690909091,0.14958636363636366,2.5527458181818186,1,Greed,73.0
2024-10-17,67400.11111111111,140531.75,15614.638888888889,36.11496,4.0127733333333335,0.22342111111111113,5.465123,2,Greed,71.0
2024-10-18,67397.0,120331.43000000001,20055.238333333335,333.219141,55.536523499999994,0.7015033333333333,7.019333,1,Greed,73.0
2024-10-19,68391.25,99996.86,24999.215,0.0,0.0,0.36507,8.749725250000001,1,Greed,72.0
2024-10-20,4280.33074875,176447.86000000002,1837.9985416666668,389.155797,4.05370621875,-9977.2101628125,0.6172651979166667,2,Greed,73.0
2024-10-21,4316.762150867052,324117.99,1873.5143930635838,2464.915564,14.248066843930635,-14255.178997398843,0.6350175895953757,2,Greed,72.0
2024-10-22,67047.0,60000.36,20000.12,0.0,0.0,2.5173066666666664,7.000041333333333,1,Greed,70.0
2024-10-23,30954.322222222225,210006.07,11667.003888888888,-46.489941,-2.5827745,7.122402777777777,4.083450611111111,1,Greed,71.0
2024-10-25,56633.085333333336,427883.18,14262.772666666666,13235.862071,441.19540236666666,-6745.406718666667,4.794730466666667,2,Greed,72.0
2024-10-26,2.6499333333333337,88668.86,14778.143333333333,42471.99413,7078.6656883333335,-13628.766666666668,1.4187006666666668,1,,
2024-10-27,67737.75,90664.41,22666.1025,666.6623079999999,166.66557699999998,0.633035,7.933135,1,Greed,74.0
2024-10-28,52838.49888384615,121495.25,9345.788461538461,167.28016200000002,12.867704769230771,94020.66508846154,3.2517953846153844,2,Greed,72.0
2024-10-29,51081.13156396226,613267.8099999999,11571.09075471698,801.170876,15.11643162264151,-140.08964905660378,4.049881396226415,2,Greed,72.0
2024-10-30,646.6885008,11830.85,473.23400000000004,9.150023,0.36600091999999995,-4672.438332,0.14387952,1,Extreme Greed,77.0
2024-10-31,42753.894183125,896173.36,18670.278333333332,1214.043811,25.292579395833332,-237.16660687499999,6.514811000000001,3,Extreme Greed,77.0
2024-11-01,27379.532136956524,260981.03,11347.001304347827,1040.475736,45.238075478260875,8083.628513478261,3.941516304347826,2,Extreme Greed,75.0
2024-11-02,68880.0,40000.0,20000.0,0.0,0.0,1.07776,6.9999985,1,Greed,72.0
2024-11-03,45208.04899166667,129055.66,21509.27666666667,0.0,0.0,16662.185636666665,6.734025333333334,2,Greed,74.0
2024-11-04,49681.014294444445,451811.97,12550.332499999999,2799.410474,77.76140205555555,18891.41010888889,4.392616111111112,2,Greed,70.0
2024-11-05,67511.4,200627.23,20062.723,678.4759280000001,67.8475928,1.452014,7.021952400000001,1,Greed,70.0
2024-11-06,58370.23423933333,123906.9,8260.46,2817.83723,187.85581533333334,701.084926,2.8911606666666665,2,Greed,70.0
2024-11-07,1338.6989985840708,111335.3,985.2681415929204,4493.353136,39.764187044247784,167375.9950541629,0.23166763168141594,3,Extreme Greed,77.0
2024-11-08,46749.91446666667,270700.44,6941.036923076923,-64.41354100000007,-1.6516292564102582,668.1017651282052,2.4071347948717947,2,Extreme Greed,75.0
2024-11-09,8015.27303244186,193384.41,2248.655930232558,102.90894,1.196615581395349,-22169.93237790698,0.7695872441860464,2,Extreme Greed,75.0
2024-11-10,22619.335545589594,413636.7,2390.963583815029,991.114334,5.728984589595376,-31373.868432890173,0.8226216531791908,3,Extreme Greed,78.0
2024-11-11,6882.198738908847,1570572.42,4210.649919571046,6749.630996,18.09552545844504,-60029.76693967829,1.0641033512064344,4,Extreme Greed,76.0
2024-11-12,33638.82797450292,1226354.52,7171.663859649123,3494.399394,20.435084175438597,-8868.139725614035,2.5023675614035086,4,Extreme Greed,80.0
2024-11-13,46411.560992520834,515336.37,10736.174375,7846.402274,163.46671404166668,231.9112747916666,3.7330014166666667,5,Extreme Greed,84.0
2024-11-14,33402.97117528182,1008361.81,9166.925545454545,4563.509225,41.4864475,540634.3717973636,3.0457163818181816,2,Extreme Greed,88.0
2024-11-15,47181.7405247651,1427858.42,9582.942416107382,4140.740438,27.790204281879195,972.0838752348994,3.1303859932885905,4,Extreme Greed,80.0
2024-11-16,8005.464557764331,303296.07,1931.822101910828,2769.521909,17.640266936305732,3310.365004522293,0.6380337770700637,4,Extreme Greed,86.0
2024-11-17,13599.930072669855,1215987.57,5818.122344497608,882.975285,4.224762129186603,-905.9047267464115,1.297185114832536,4,Extreme Greed,90.0
2024-11-18,13431.133118797688,2084339.58,6024.102832369942,4470.815187,12.921431176300578,3999.561134710982,1.286428725433526,7,Extreme Greed,83.0
2024-11-19,15993.576337872131,628031.15,2059.118524590164,2958.268991,9.699242593442623,-2741.574901147541,0.6606128950819672,5,Extreme Greed,90.0
2024-11-20,9792.793397765454,1999514.1199999999,3635.480218181818,4210.0928969999995,7.654714358181818,86029.09331743636,1.1710133981818183,5,Extreme Greed,83.0
2024-11-21,7300.062138975701,598300.62,1118.3189158878504,1692.430891,3.1634222261682243,39084.98276,0.37126778878504674,5,Extreme Greed,82.0
2024-11-22,9893.695111284242,1646713.62,2425.2041531664213,-18105.345617,-26.664721085419732,41031.52684836524,0.6427673917525772,6,Extreme Greed,94.0
2024-11-23,4723.455523900826,516245.68,1422.1644077134986,2901.531638,7.993200104683195,19301.342857052343,0.4259555564738292,4,Extreme Greed,93.0
2024-11-24,19953.478843476743,664952.28,3866.001627906977,945.550386,5.497385965116279,28910.33215215116,1.1778088720930233,3,Extreme Greed,80.0
2024-11-25,14680.957598172548,937410.87,3676.1210588235294,5523.740734,21.66172836862745,28094.826063960783,1.1128615725490196,2,Extreme Greed,82.0
2024-11-26,10192.743361337749,1146902.44,3797.6901986754965,1094.809359,3.6251965529801327,20370.962199271526,1.0307896622516557,4,Extreme Greed,79.0
2024-11-27,19940.432149488264,1444242.53,6780.481361502348,-2654.495633,-12.462420812206572,3585.834336760563,2.0643874929577466,2,Extreme Greed,75.0
2024-11-28,4420.7387338072285,1894225.15,5705.497439759036,-127075.39958499999,-382.75722766566264,45.95090265060241,0.9505482198795182,5,Extreme Greed,77.0
2024-11-29,1859.8201062210942,794262.91,2021.0252162849874,176844.994152,449.98726247328244,28663.940068078115,0.48969907269720103,11,Extreme Greed,78.0
2024-11-30,3435.1424477873725,1732193.7,4643.950938337802,37316.69352,100.04475474530831,11483.757911642948,1.4808990335120644,8,Extreme Greed,84.0
2024-12-01,6389.235122030456,814711.82,1958.441875,40886.364494,98.28453003365385,18184.968293473583,0.5898647869711539,9,Extreme Greed,81.0
2024-12-02,6137.360651434223,585243.56,2167.568740740741,18489.604313,68.48001597407408,8389.984791455556,0.5477326429259259,8,Extreme Greed,80.0
2024-12-03,2354.399729529412,1084666.53,2900.177887700535,23576.539285,63.03887509358289,13921.79072131278,0.8838852719518716,8,Extreme Greed,76.0
2024-12-04,3922.991142316614,769287.65,2411.5600313479626,292891.815021,918.1561599404388,151982.25861053224,0.5410859487460815,7,Extreme Greed,78.0
2024-12-05,4881.7428253070175,1256750.79,2756.0324342105264,71574.11848800001,156.96078615789474,2332.2629164455484,0.7736090421710526,8,Extreme Greed,84.0
2024-12-06,15604.850347196028,3471019.22,8612.950918114144,-92624.643895,-229.83782604218362,7551.158018925931,1.7171061684119107,10,Greed,72.0
2024-12-07,1359.7200135328949,451733.42,1485.965197368421,85906.279067,282.5864442993421,-47071.11105384875,0.3567501246710526,6,Extreme Greed,75.0
2024-12-08,1787.932218347619,932939.72,2221.2850476190474,15965.933436,38.014127228571425,-30589.775355230788,0.5575687701428572,6,Extreme Greed,79.0
2024-12-09,3534.2818935269015,983949.68,1825.5096103896105,6310.967676,11.708659881261596,15604.680434561353,0.32425498410018555,10,Extreme Greed,78.0
2024-12-10,2885.2128903966163,3150424.08,1973.94992481203,39325.770231,24.640206911654136,29865.685533334276,0.2841733617481203,11,Extreme Greed,78.0
2024-12-11,4356.6742505249795,2194098.33,1796.9683292383293,319051.554217,261.30348420720725,37221.38219646437,0.3386643980835381,12,Greed,74.0
2024-12-12,2265.6843708274846,4557189.87,2358.7939285714288,599151.795008,310.1199767122153,21366.19142231589,0.361783359994824,14,Extreme Greed,83.0
2024-12-13,4577.503724812446,2880824.64,2455.9459846547315,31935.901745,27.22583268968457,10060.93200647844,0.3863831000511509,11,Extreme Greed,76.0
2024-12-14,2159.9074581732793,2369561.78,1918.6735060728743,167801.399244,135.87157833522267,6344.007520937555,0.1879282955708502,12,Extreme Greed,83.0
2024-12-15,1595.8074837011786,2583269.81,1522.256812021214,97525.315279,57.4692488385386,18001.48229920512,0.13631736616381848,15,Extreme Greed,80.0
2024-12-16,3014.2459456306633,2740808.97,2597.9231943127966,166774.344133,158.07994704549765,11516.508651782673,0.38118488720379146,13,Extreme Greed,83.0
2024-12-17,1052.0018582095724,5233597.63,2696.3408706852138,219591.305172,113.13307839876352,10949.825591980783,0.38441029674394644,16,Extreme Greed,87.0
2024-12-18,5035.001314213366,3798887.07,2658.423421973408,13682.994673,9.575223703988803,7088.470547001805,0.48386841862141355,13,Extreme Greed,81.0
2024-12-19,2950.7475688442946,8241709.39,2468.316678646301,62744.004486000005,18.79125621024259,30845.93235520288,0.3163321890026954,13,Extreme Greed,75.0
2024-12-20,1281.1534623320258,7681274.71,3087.3290635048234,254969.660039,102.47976689670418,23985.258815348512,0.486671344766881,15,Greed,74.0
2024-12-21,3657.2952470862583,4382875.12,2607.302272456871,150022.163157,89.24578415050566,9350.125717465258,0.40475407324806667,8,Greed,73.0
2024-12-22,1463.3598931589147,3087320.22,3988.7858139534887,352197.163973,455.03509557235145,-7957.258054872223,0.4303060006847545,8,Greed,73.0
2024-12-23,1741.0217452281254,6771878.26,2885.333728163613,-29430.626577,-12.53967898466127,2151.2948376477034,0.5116731770643375,14,Greed,70.0
2024-12-24,11362.672453045592,1767036.11,5227.917485207101,14813.780116,43.827751822485205,-2077.187963506598,1.1443267462426037,11,Greed,73.0
2024-12-25,3392.6270428030766,347889.35,1672.5449519230767,756.6570469999998,3.637774264423076,-1678.022463810673,0.3198018375961538,6,Greed,73.0
2024-12-26,4755.660897423242,2205242.65,3163.9062410329984,60228.639722,86.41124780774749,-563.3470711406457,0.7508737424390244,7,Extreme Greed,79.0
2024-12-27,13201.857670753847,347913.0,1338.126923076923,2672.811035,10.280042442307693,-1123.533398654,0.3405986407692308,7,Greed,74.0
2024-12-28,4138.285644782609,281555.01,1748.7888819875777,940.673623,5.842693310559007,-2127.5074577062114,0.30067386726708073,7,Greed,72.0
2024-12-29,7062.877761626865,344628.54,1714.5698507462685,2884.067927,14.348596651741294,-49687.932827553734,0.35879282139303487,7,Greed,73.0
2024-12-30,12587.64033930592,1073865.73,3532.453059210526,9009.738137,29.637296503289473,781.5550532050987,0.9371918436842105,9,Greed,65.0
2024-12-31,28739.599964186276,877164.62,2866.551045751634,5445.01281,17.794159509803922,270846.1009186264,0.8709686638235294,6,Greed,64.0
2025-01-01,8822.579264114584,282582.1,2943.5635416666664,-9528.065345,-99.25068067708334,3815.7647845532297,0.3292123146875,6,Greed,66.0
2025-01-02,10094.891613861495,774674.84,2145.9136842105263,8716.519087,24.145482235457067,1845.9160559970912,0.4879215878947369,9,Greed,70.0
2025-01-03,9803.075828159448,771208.99,1518.1279330708662,6028.486793,11.867099986220472,-44194.575434762584,0.41535007246062994,9,Greed,74.0
2025-01-04,7797.149899172507,1826029.6199999999,4921.912722371967,2553.537968,6.882851665768194,4665.506790250863,0.6299514043126685,9,Greed,73.0
2025-01-05,7824.165539405858,451943.57,1890.977280334728,3187.719363,13.337737920502093,-29295.64786985523,0.5830192927615063,8,Greed,72.0
2025-01-06,7217.135723097731,556526.99,971.2512914485166,6064.185393,10.583220581151831,-88190.90943126338,0.30528985732984293,7,Extreme Greed,76.0
2025-01-07,9068.043705916796,1313178.1,2061.504081632653,16098.227531,25.271942748822607,-46410.23458855573,0.4762738659811617,6,Extreme Greed,78.0
2025-01-08,6518.9895779990375,3177275.18,3058.0126852743024,130117.090554,125.23300342059672,12941.877589278181,0.6707535229836381,11,Greed,70.0
2025-01-09,6362.8980927356315,1020733.25,1955.427681992337,46975.928902,89.99220096168582,6502.6338274800955,0.5278041751532567,7,Greed,69.0
2025-01-10,31588.405895721615,6547449.68,7994.444053724053,-10116.875552,-12.352717401709402,25294.663476374968,2.55699532973138,7,Neutral,50.0
2025-01-11,30131.135140431095,1658098.71,5859.006042402827,2269.080536,8.017952424028268,145.52115739194346,1.747872711484099,7,Greed,69.0
2025-01-12,12893.280709518272,2258459.17,3751.59330564784,5742.241803,9.538607646179402,183630.51251568587,1.0167487586378738,7,Greed,62.0
2025-01-13,29317.207596281864,2936648.0100000002,7197.666691176471,9655.429352,23.66526801960784,13266.204835453946,2.1154414823039214,11,Greed,61.0
2025-01-14,21343.217767563634,876581.97,3187.5708,16069.512355,58.43459038181818,-12767.070177564,0.8748765435636364,9,Greed,63.0
2025-01-15,28411.1857780412,1801599.8900000001,6747.565131086143,14819.5883,55.50407602996255,-2184.405678471348,1.923629194082397,11,Greed,70.0
2025-01-16,30076.24313476011,3049692.96,8220.196657681941,20807.709328,56.08546988679245,-4195.309066581078,2.400455978328841,9,Extreme Greed,75.0
2025-01-17,8905.736269495797,1110230.46,4664.8338655462185,7006.415608,29.43872104201681,11484.325316676555,1.4765321381932774,8,Extreme Greed,75.0
2025-01-18,9620.95311349616,2711629.88,4165.330076804916,443.2330819999997,0.6808495883256523,-958.7796469321049,1.2533551481720429,12,Extreme Greed,77.0
2025-01-19,6104.771320986599,9715215.3,6199.8821314613915,87923.799302,56.10963580216975,12182.967562635125,1.3799334012188897,15,Extreme Greed,77.0
2025-01-20,16330.118057409887,8287327.01,6302.149817490495,87277.239173,66.37052408593155,-268.22872697666924,1.6788287601977185,15,Extreme Greed,76.0
2025-01-21,19761.02999872815,1523729.82,2874.961924528302,11077.839421,20.901583813207548,-3605.329915559509,0.7515174816981132,8,Extreme Greed,76.0
2025-01-22,8344.303495522838,1778406.43,2137.5077283653845,20524.408057,24.66875968389423,82367.71349383044,0.5663102641346154,10,Extreme Greed,84.0
2025-01-23,6983.956473275615,3697028.66,3035.3273070607556,101256.24216,83.13320374384236,43714.65120619818,0.8935549012151067,12,Extreme Greed,75.0
2025-01-24,5079.286193251716,1611433.45,1843.7453661327231,10602.779738,12.131326931350113,9812.004177256578,0.3874640744851259,11,Extreme Greed,75.0
2025-01-25,3985.267088405138,1239377.7,2449.363043478261,-10348.016255999999,-20.450625011857706,3019.2628054796637,0.6303038775889328,11,Extreme Greed,75.0
2025-01-26,18.065921855875832,1201173.66,2663.3562305986693,40823.466668,90.51766445232816,-34367.882652851215,0.8475790559423504,7,Greed,73.0
2025-01-27,11661.276710637774,1508028.31,1950.8775032341528,41331.765392,53.469295461837,-8017.939862309043,0.5255616654980595,15,Greed,71.0
2025-01-28,6429.960821865462,579412.17,1163.4782530120483,17979.613973,36.103642516064255,102625.50237051192,0.2504222582931727,8,Greed,72.0
2025-01-29,581.4878012956043,1897513.41,2085.1795714285713,23421.01147,25.737375241758244,-143207.49034097412,0.6731001594395605,9,Greed,72.0
2025-01-30,8261.57404625867,3014397.17,2825.114498594189,23097.471385,21.64711470009372,546.5581269507218,0.8197292556044986,11,Greed,70.0
2025-01-31,6716.441229059054,2783411.48,2739.578228346457,35868.296773,35.303441705708664,-19743.580662809272,0.6603720979429134,11,Extreme Greed,76.0
2025-02-01,4211.306208217666,1363746.44,2151.019621451104,32300.205017,50.946695610410096,-57592.00043543796,0.45027978216088327,12,Greed,68.0
2025-02-02,5409.088864621683,5661092.29,4291.957763457164,162854.759623,123.46835452843062,32228.723684552344,0.897742296595906,13,Greed,60.0
2025-02-03,4859.416197735714,22592901.37,9492.815701680673,348871.326269,146.58459086932774,-1368.539400002248,1.2569603462436976,12,Fear,44.0
2025-02-04,15703.124947818073,15678409.27,6241.404964171974,416876.88812,165.9541752070064,542.030125992922,1.5341475174920383,13,Greed,72.0
2025-02-05,21926.164488164224,8743231.51,6741.1191287586735,56706.235562,43.721075992289904,-2297.9337742639477,1.029876342845027,11,Neutral,54.0
2025-02-06,2869.875065266001,2818508.87,1655.0257604227834,33803.799733,19.84955944392249,9598.631843850217,0.41640068033470345,11,Neutral,49.0
2025-02-07,23967.33330591798,3460263.54,2270.5141338582675,22450.002091,14.730972500656167,436951.272429021,0.4843105238451444,13,Fear,44.0
2025-02-08,17096.856943027826,839734.97,1460.4086434782607,586.703253,1.0203534834782608,3837.630819030435,0.1912631064,10,Fear,44.0
2025-02-09,1661.4545370450262,2920919.7,3823.19332460733,150551.829492,197.05736844502616,-25769.211658621727,0.5593741164397905,12,Neutral,46.0
2025-02-10,34318.415525228345,3624958.44,4077.5685489313837,63908.49465,71.88807047244094,73693.97319057019,0.5527135456692913,14,Fear,43.0
2025-02-11,19989.86707794811,2797544.17,3298.990766509434,-6093.784817,-7.186067001179245,49751.5536744617,0.5618279809551887,12,Neutral,47.0
2025-02-12,20122.266069995152,4143974.54,4019.3739476236665,19848.635032,19.251828353055284,26762.36430873385,1.0661057528031037,12,Neutral,46.0
2025-02-13,19088.377477377373,3199852.21,2335.6585474452554,27829.534238,20.313528640875912,208583.39203867564,0.6010857547591241,11,Neutral,50.0
2025-02-14,20052.512642015045,4007103.42,2421.210525679758,213860.675308,129.22095184773414,-4089.6248543037764,0.5810137255287009,15,Neutral,48.0
2025-02-15,11469.872673227468,1712852.95,1837.8250536480687,45042.92701,48.32932082618026,100524.9702752775,0.4013812425107296,12,Neutral,50.0
2025-02-16,3744.413148171806,806177.64,1183.8144493392072,2369.478425,3.4794103157121876,-648.8550162382232,0.25194127060205584,10,Neutral,54.0
2025-02-17,4732.56718405526,2031044.64,2158.3896280552603,1818.573295,1.9325964877789585,5255.091474773709,0.26938018665249736,9,Neutral,51.0
2025-02-18,6687.4516690757755,3371128.68,2011.413293556086,91204.672403,54.418062292959426,167530.0393657695,0.3636869945763723,11,Neutral,47.0
2025-02-19,18063.043201803306,3263930.24,2398.185334313005,14985.794701,11.010870463629685,-709325.1306853136,0.505868809331374,10,Fear,44.0
2025-02-20,16106.864259217198,4628609.29,2300.5016351888667,46008.794102,22.867193887673956,44293.74694461834,0.6125566723409542,11,Neutral,49.0
2025-02-21,15982.61099378804,3972159.88,2120.747399893219,119693.49395,63.904695114789114,8834.942127789374,0.4429889555632675,14,Greed,55.0
2025-02-22,16330.238533271136,3175570.2,4629.111078717201,25278.704178,36.849423,68904.24403798032,1.2830388250291545,10,Neutral,49.0
2025-02-23,6653.326019425,1141310.74,2194.8283461538463,10656.934251,20.494104328846156,90605.86307271017,0.44231292148076923,12,Neutral,50.0
2025-02-24,415.2820556340812,11223619.59,1998.5077617521367,38470.176242,6.850102607193732,46043.488854809555,0.3735691654629629,14,Neutral,49.0
2025-02-25,1141.5425229423631,19414984.36,3108.3868651937237,204762.177034,32.782929400256165,115523.20679875519,0.5101849286439322,18,Fear,25.0
2025-02-26,1021.7923438341836,4946958.13,4206.597049319727,63229.063129,53.76621014370748,29710.87086274725,0.6413031859438775,13,Extreme Fear,21.0
2025-02-27,3783.741142521348,1999898.43,2247.0768876404495,-36525.167517,-41.039514064044944,6969.731789256921,0.5754449138314607,9,Extreme Fear,10.0
2025-02-28,2374.567007783121,4123660.77,4046.7721000981355,225628.108748,221.4211077016683,-2562.4155745596418,0.8620198861236507,13,Extreme Fear,16.0
2025-03-01,3119.315583793103,263824.13,1516.230632183908,10596.108968,60.897177977011495,-19930.116304568794,0.21300888155172415,5,Extreme Fear,20.0
2025-03-02,9371.077831221804,6460848.74,12144.452518796992,66914.320708,125.77879832330827,-1687.268554373064,3.6310092894924813,10,Fear,26.0
2025-03-03,3500.2799614203777,8244590.38,5563.151403508772,616413.032233,415.9332201302294,3725.131215920789,0.7021349813900135,14,Fear,33.0
2025-03-04,2545.786879941715,11124247.15,4631.24360949209,182075.566585,75.80165136761032,28300.551683134396,0.9243698939550374,16,Extreme Fear,15.0
2025-03-05,3657.355850823494,9193654.22,5538.345915662651,269328.365917,162.24600356445782,72610.93333229316,1.398386452319277,13,Extreme Fear,20.0
2025-03-06,5795.717284914474,6765324.96,8901.743368421052,16101.125561,21.18569152763158,4702.560156036381,1.7192331095526316,12,Fear,25.0
2025-03-07,4468.829034675548,19854275.48,7779.888510971787,150236.061627,58.86993010462382,23379.432478604147,1.9265286233816614,14,Fear,34.0
2025-03-08,3131.854198517958,892083.51,1686.3582419659735,24700.773359,46.69333338185255,-29602.15636373885,0.393837,13,Fear,28.0
2025-03-09,806.5426083241913,10419697.99,7327.495070323488,19773.457395,13.905384947257385,1220.191333293453,1.6716342663853727,12,Fear,27.0
2025-03-10,2998.767983825833,16811790.68,5775.263029886637,-10010.027269999999,-3.438690233596702,16512.489976984536,1.1983416252937136,14,Extreme Fear,20.0
2025-03-11,2341.3900885374314,14016952.09,4265.657970176507,-76880.729036,-23.3964482763238,-36398.23861437603,0.7428728673280585,16,Extreme Fear,24.0
2025-03-12,4000.6491172159776,18618139.15,4692.071358366935,288105.984215,72.60735489289314,99070.3760981823,0.9219792268069555,13,Fear,34.0
2025-03-13,5443.617843656964,3285591.22,3415.375488565489,14114.870873,14.672422944906446,1671.1575873859667,0.8411504232536382,13,Neutral,45.0
2025-03-14,4004.7944216610863,8047187.16,3641.261158371041,68646.160089,31.061610899999998,68485.0902535457,0.5400394004162896,10,Fear,27.0
2025-03-15,23597.128657252873,2355749.54,9025.86030651341,78694.624572,301.51197154022987,-69533.88638961686,2.2005091494252875,8,Neutral,46.0
2025-03-16,50519.7275055283,10187921.51,19222.49341509434,-7910.943544999999,-14.926308575471696,-9724.362503649243,4.608458494679245,8,Fear,30.0
2025-03-17,9535.147864272825,3592895.05,3905.320706521739,26163.906513,28.439028818478263,-41812.401092958164,0.8779782695434782,11,Fear,32.0
2025-03-18,11904.990233124701,4050655.47,4856.901043165468,72322.788824,86.71797221103118,-78662.58034515587,1.0287003968824942,13,Fear,34.0
2025-03-19,15006.281201493797,4598813.57,2852.8620161290323,29374.682341,18.222507655707197,-67798.00416921388,0.48665637159950376,12,Fear,32.0
2025-03-20,2358.06017454345,1652257.93,2143.0063942931256,10246.859436,13.290349463035021,-57748.6066063022,0.4270239247730221,13,Neutral,49.0
2025-03-21,4097.717261760745,2543903.39,3644.560730659026,6951.270374,9.958840077363897,53486.6109759273,0.9075367948853869,9,Fear,31.0
2025-03-22,3803.037827611215,971809.42,1816.4662056074767,12498.535254,23.361748138317758,-72672.90048836601,0.5024949569532711,8,Fear,32.0
2025-03-23,5709.453012297539,2593519.67,5802.057427293064,14047.421585,31.425999071588368,-68545.50591981914,1.3360537226621925,10,Fear,30.0
2025-03-24,3414.229185942551,3017587.05,2938.254186952288,107878.961301,105.04280555111977,-6660.759830623003,0.5171425037682571,13,Neutral,45.0
2025-03-25,11769.79868919722,5372519.77,6792.060391908975,32030.90678,40.49419314791403,51911.19232653842,1.771623243704172,13,Neutral,46.0
2025-03-26,1063.4996657601548,7597754.37,2449.30830754352,15802.167427,5.094186791424887,19328.227667385112,0.5792403340070922,17,Neutral,47.0
2025-03-27,9118.37818057707,3240279.46,4127.744535031847,58825.359221,74.9367633388535,-165920.66129213662,0.9095848653503186,11,Fear,40.0
2025-03-28,7612.338172063187,1483092.61,2037.2151236263737,21337.179335,29.30931227335165,-26088.644783638996,0.5347299382554945,11,Fear,44.0
2025-03-29,2414.803543719641,3668151.83,1936.7221911298839,12098.872931,6.38800049155227,32812.086572465436,0.4434237141605069,10,Fear,26.0
2025-03-30,7603.879054272887,2850874.96,5019.146056338028,15795.11514,27.8083013028169,80952.80987910887,1.3363939318133804,9,Fear,32.0
2025-03-31,8426.110126818183,2164772.4699999997,4373.277717171717,6978.184557,14.097342539393939,45872.21911434709,0.973740668909091,12,Fear,34.0
2025-04-01,11425.36599246875,704445.1900000001,3668.9853645833336,-2202.6622420000003,-11.472199177083334,52900.14321609375,0.8486249730208333,9,Fear,34.0
2025-04-02,7414.856134767658,3867930.6,3594.7310408921935,202212.740938,187.930056633829,65193.18090953477,1.0977909274163569,11,Fear,44.0
2025-04-03,4420.623526697368,8670233.15,4960.087614416476,-2365.961276,-1.353524757437071,41712.621649588145,0.7649421354118993,17,Fear,25.0
2025-04-04,4732.811766900943,3835545.73,3015.3661399371067,-25515.678949999998,-20.05949602987421,-14360.770737124258,0.6572825545290881,14,Fear,28.0
2025-04-05,10940.511464127778,1267564.22,3521.011722222222,35907.33771,99.74260475,39794.9718386973,0.7835009555555555,10,Fear,30.0
2025-04-06,4081.8439489007637,3551252.06,3388.59929389313,47053.449272,44.89832945801527,-19077.37596638554,0.5901106036579199,14,Fear,34.0
2025-04-07,10523.865138202558,14460253.14,5138.682707889126,34527.370305,12.269854408315563,-46141.24134241459,0.9831396948837599,18,Extreme Fear,23.0
2025-04-08,31685.96511792683,8869391.4,9405.505196182397,34899.394798,37.00890222481442,11421.168538783626,2.412489598154825,17,Extreme Fear,24.0
2025-04-09,13917.529131650617,28556806.47,7198.589984875221,43120.444797,10.86978694151752,-22505.401344465085,1.5405279450955383,20,Extreme Fear,18.0
2025-04-10,39246.50578036154,28741953.29,13512.90704748472,158261.822261,74.40612236060178,-27401.202541386545,3.229222614377997,19,Fear,39.0
2025-04-11,18896.037772089418,11319327.07,10327.853166058394,126406.479081,115.33437872354014,-132160.47989441478,1.983977261031113,16,Fear,25.0
2025-04-12,52901.409214082974,55914617.49,26512.383826458037,410419.694533,194.60393292223802,-5399.21872606971,5.461164710505927,20,Fear,43.0
2025-04-13,32683.551292376986,14171154.79,10727.596358819075,48696.021521,36.86299888039364,-13086.931428194799,1.9442363514495837,17,Neutral,45.0
2025-04-14,32893.321598730334,13079972.98,14696.598853932584,45680.443063,51.32634052022472,691.4135638414809,2.273210919738202,14,Fear,31.0
2025-04-15,63863.56281482317,20752168.24,18348.51303271441,72357.706282,63.976751796640144,-3807.9451535105877,1.6506673380990273,14,Fear,38.0
2025-04-16,48069.123414856964,36502715.9,22700.69396766169,58631.730257,36.46251881654229,-36576.09985207225,3.7298618813992537,17,Fear,29.0
2025-04-17,1747.3123040737148,2604551.51,2526.238128031038,5427.919886,5.264713759456837,-181229.42418674577,0.5035972230067896,12,Fear,30.0
2025-04-18,15666.24511019377,24610650.46,12994.007634635693,4880.4047439999995,2.576771248152059,-3998.5284794163085,2.4642702913252377,12,Fear,33.0
2025-04-19,16014.825865230438,32706462.71,11739.577426417804,71950.577495,25.82576363783202,-7493.207948589641,2.32614010505743,15,Fear,32.0
2025-04-20,7953.09440782997,12126094.05,6118.110015136226,25060.341936,12.643966668012109,-9656.210451790126,0.9522349183177599,12,Fear,37.0
2025-04-21,41859.99143913446,42104054.84,24507.598859138536,34369.267906999994,20.005394590803256,-5905.780193133093,3.699703762444703,14,Fear,39.0
2025-04-22,15070.37095092762,33753625.24,11258.714222815212,58652.763578,19.563963835223483,-439027.3783003858,1.917840477318212,15,Neutral,47.0
2025-04-23,12725.948066658386,30682443.79,4981.72492125345,-419020.225731,-68.03380836678032,-1281062.8552172123,1.1920897616301347,19,Greed,72.0
2025-04-24,42081.60551729973,35088918.64,15720.841684587815,50704.395965,22.717023281810036,-3907.39909151726,3.30040336914664,15,Greed,63.0
2025-04-25,33876.77419571567,27749455.78,16787.32957047792,20218.859206,12.231614764670297,5514.4397365923705,3.8107037233745915,16,Greed,60.0
2025-04-26,24357.80254500265,11948127.77,10564.215534924844,-4125.753942,-3.6478814694960215,-75548.67075021712,2.3450988094783374,12,Greed,65.0
2025-04-27,13133.751885486648,487537.69,1446.6993768545994,2702.067468,8.018004356083086,18914.397380776274,0.16595481500356082,9,Greed,61.0
2025-04-28,58469.14186169688,26124921.49,18944.83066715011,36906.813759,26.763461754169686,-1784.6852021277505,4.356237420979043,8,Neutral,54.0
2025-04-29,28548.785993098085,34089511.66,15198.177289344627,125749.613427,56.06313572313866,-3675.1923457956777,2.295717916697771,7,Greed,60.0
2025-04-30,35649.303644469,12693878.85,11405.10229110512,14003.797269,12.582028094339623,1509.6935954253568,2.6506592748207547,8,Greed,56.0
2025-05-01,12672.104182341463,10720240.52,8715.642699186992,54536.829297000004,44.338885607317074,6171.6686527601905,2.1565964861510567,11,Neutral,53.0
